,Title,Category
0,FBA Inventory Storage Fee,Fufillment by Amazon
1,UPS FBA Rates went up?,Fufillment by Amazon
2,Need to speak to an Human at Amazon ASAP!,Fufillment by Amazon
3,ONT8 container rejected,Fufillment by Amazon
4,Had to Change packaging. Do I need a new listing?,Fufillment by Amazon
5,How to reach Customer Service on the Phone?,Fufillment by Amazon
6,Inventory Dashboard: Restock Inventory: Days of Supply Issue - Anyone else having this issue?,Fufillment by Amazon
7,Can’t create shipping plan with third-party freight forwarder,Fufillment by Amazon
8,FBA Removal Pending 4+ months,Fufillment by Amazon
9,FBA sometimes shows to have received only 1 item per SKU,Fufillment by Amazon
10,Amazon will not removed feedback on FBA service related comment,Fufillment by Amazon
11,Delays in FBA shipment check in,Fufillment by Amazon
12,Shipping plan cannot be completed,Fufillment by Amazon
13,One of my products are under investigation and I’m paranoid,Fufillment by Amazon
14,Can’t list FBA on Seller App,Fufillment by Amazon
15,How to track a TBA FBA order?,Fufillment by Amazon
16,Restricted Product Approval,Fufillment by Amazon
17,Amazon Freight LTL - Refusing to schedule pickup,Fufillment by Amazon
18,What are the possible return reasons?,Fufillment by Amazon
19,Is SDF8 working?,Fufillment by Amazon
20,Shipping hazardous (they say) items,Fufillment by Amazon
21,10 sales with no bsr ranking?,Fufillment by Amazon
22,Shipping internationally to FBA,Fufillment by Amazon
23,"AZ won’t change my item weight, thus it’s miscategorized",Fufillment by Amazon
24,Shipping quotation from manufacturer,Fufillment by Amazon
25,Amazon Redlands Fire - Report to know if our inventory was affected?,Fufillment by Amazon
26,"Trying to create my first FBA since March, not letting me",Fufillment by Amazon
27,Products from china pay taxes to enter USA?,Fufillment by Amazon
28,Manage Pricing page loading very slowly,Fufillment by Amazon
29,FBA Inventory Storage Fee,Fufillment by Amazon
30,UPS FBA Rates went up?,Fufillment by Amazon
31,Need to speak to an Human at Amazon ASAP!,Fufillment by Amazon
32,ONT8 container rejected,Fufillment by Amazon
33,Had to Change packaging. Do I need a new listing?,Fufillment by Amazon
34,How to reach Customer Service on the Phone?,Fufillment by Amazon
35,Inventory Dashboard: Restock Inventory: Days of Supply Issue - Anyone else having this issue?,Fufillment by Amazon
36,Can’t create shipping plan with third-party freight forwarder,Fufillment by Amazon
37,FBA Removal Pending 4+ months,Fufillment by Amazon
38,FBA sometimes shows to have received only 1 item per SKU,Fufillment by Amazon
39,Amazon will not removed feedback on FBA service related comment,Fufillment by Amazon
40,Delays in FBA shipment check in,Fufillment by Amazon
41,Shipping plan cannot be completed,Fufillment by Amazon
42,One of my products are under investigation and I’m paranoid,Fufillment by Amazon
43,Can’t list FBA on Seller App,Fufillment by Amazon
44,How to track a TBA FBA order?,Fufillment by Amazon
45,Restricted Product Approval,Fufillment by Amazon
46,Amazon Freight LTL - Refusing to schedule pickup,Fufillment by Amazon
47,What are the possible return reasons?,Fufillment by Amazon
48,Is SDF8 working?,Fufillment by Amazon
49,Shipping hazardous (they say) items,Fufillment by Amazon
50,10 sales with no bsr ranking?,Fufillment by Amazon
51,Shipping internationally to FBA,Fufillment by Amazon
52,"AZ won’t change my item weight, thus it’s miscategorized",Fufillment by Amazon
53,Shipping quotation from manufacturer,Fufillment by Amazon
54,Amazon Redlands Fire - Report to know if our inventory was affected?,Fufillment by Amazon
55,"Trying to create my first FBA since March, not letting me",Fufillment by Amazon
56,Products from china pay taxes to enter USA?,Fufillment by Amazon
57,Manage Pricing page loading very slowly,Fufillment by Amazon
58,FBA Shipments Impossible to Correct,Fufillment by Amazon
59,Amazon is never accountable for anything!,Fufillment by Amazon
60,Missed Fulfillment Promise Report,Fufillment by Amazon
61,"900+ Items missing, Investigation finds 87",Fufillment by Amazon
62,Enroll for Subscribe & Save Programe,Fufillment by Amazon
63,Fire at amazon warehouse in redlands,Fufillment by Amazon
64,FBA broke my item and won’t reimburse me,Fufillment by Amazon
65,"FBA fail to ship, and no support",Fufillment by Amazon
66,Recommendation,Fufillment by Amazon
67,Do you think FBA is for me?,Fufillment by Amazon
68,Issue with FBA fulfillment,Fufillment by Amazon
69,Multi-Channel Fulfillment - Hawaii & Puerto Rico,Fufillment by Amazon
70,Refusing to reimburse anything for “Delivered Late by Carrier”,Fufillment by Amazon
71,Inventory checking in delay - 2020,Fufillment by Amazon
72,"Amazon Warehouse Fire in Redlands, CA",Fufillment by Amazon
73,Color carton shipping box to amazon,Fufillment by Amazon
74,Ltl shipment not picked up,Fufillment by Amazon
75,Amazon partnered carrier?,Fufillment by Amazon
76,Stranded Inventory - Account not fully onboarded,Fufillment by Amazon
77,"Account Deactivated - Amazon Disposed of almost 10,000 units without notice. How can we get reimbursed?",Fufillment by Amazon
78,FBA Seller Compensation for Covid19 issues,Fufillment by Amazon
79,Sending a product for free to a customer,Fufillment by Amazon
80,1 MSKU too many?,Fufillment by Amazon
81,"Sending out LTL using Amazon Rigs, do i need to physically get in their truck and load it?",Fufillment by Amazon
82,Combining shipping plans,Fufillment by Amazon
83,Attention Amazon Shipping to business accounts,Fufillment by Amazon
84,FBA Onsite - Customer refunded for order not received - What does Amazon cover / reimburse?,Fufillment by Amazon
85,Unsuccessful Amazon Reimbursements,Fufillment by Amazon
86,FBA Refrigerated Product,Fufillment by Amazon
87,How to request a change to FBA fees,Fufillment by Amazon
88,Policy Violation - Title of Listing Magically Changed,Selling on Amazon
89,Did I blink? China tariff 25%,Selling on Amazon
90,What’s the email address to A-Z guarantee team?,Selling on Amazon
91,Amazon selling grossly offensive items,Selling on Amazon
92,UPS initial scan problems,Selling on Amazon
93,Confused about filling out the Retail No. section of my Resale Certificate,Selling on Amazon
94,New faster disbursement feature: add funds to your Amazon Gift Card to shop on Amazon.com,Selling on Amazon
95,Flat rate shipping,Selling on Amazon
96,Sending inventory to warehouse,Selling on Amazon
97,Buying from a wholesaler abroad and Selling in Amazon?,Selling on Amazon
98,"Drastic Drop in sales, starting 6/2-6/3",Selling on Amazon
99,How to reactive a new account,Selling on Amazon
100,"Cases Status is “answered”, but there’s no answer",Selling on Amazon
101,Should I initiate this strange “return request”?,Selling on Amazon
102,I can’t add multiple keywords to my listing?,Selling on Amazon
103,Trouble creating FBA Listing,Selling on Amazon
104,Anybody having issues presenting chargeback / AZ claim lately?,Selling on Amazon
105,Canceled orders due to Countries not Accepting packages count towards defects,Selling on Amazon
106,Being over charged on FBA fees,Selling on Amazon
107,Printing old packing slip,Selling on Amazon
108,Today’s Poll - Do You Know How to Report a Violation?,Selling on Amazon
109,Showing retail and sale price,Selling on Amazon
110,Shipping to Amaozn,Selling on Amazon
111,Revenge to the piggy backers….?,Selling on Amazon
112,Amazon’s New Address Verification System FAIL,Selling on Amazon
113,Seller fulfilled returns / refunds,Selling on Amazon
114,How to remove the FBA service? I will ship the items myself. And I don’t want to pay extra fee,Selling on Amazon
115,Project Zero Eligibility issue,Selling on Amazon
116,Shipping Label Printer,Selling on Amazon
117,Policy Violation - Title of Listing Magically Changed,Selling on Amazon
118,Did I blink? China tariff 25%,Selling on Amazon
119,What’s the email address to A-Z guarantee team?,Selling on Amazon
120,Amazon selling grossly offensive items,Selling on Amazon
121,UPS initial scan problems,Selling on Amazon
122,Confused about filling out the Retail No. section of my Resale Certificate,Selling on Amazon
123,New faster disbursement feature: add funds to your Amazon Gift Card to shop on Amazon.com,Selling on Amazon
124,Flat rate shipping,Selling on Amazon
125,Sending inventory to warehouse,Selling on Amazon
126,Buying from a wholesaler abroad and Selling in Amazon?,Selling on Amazon
127,"Drastic Drop in sales, starting 6/2-6/3",Selling on Amazon
128,How to reactive a new account,Selling on Amazon
129,"Cases Status is “answered”, but there’s no answer",Selling on Amazon
130,Should I initiate this strange “return request”?,Selling on Amazon
131,I can’t add multiple keywords to my listing?,Selling on Amazon
132,Trouble creating FBA Listing,Selling on Amazon
133,Anybody having issues presenting chargeback / AZ claim lately?,Selling on Amazon
134,Canceled orders due to Countries not Accepting packages count towards defects,Selling on Amazon
135,Being over charged on FBA fees,Selling on Amazon
136,Printing old packing slip,Selling on Amazon
137,Today’s Poll - Do You Know How to Report a Violation?,Selling on Amazon
138,Showing retail and sale price,Selling on Amazon
139,Shipping to Amaozn,Selling on Amazon
140,Revenge to the piggy backers….?,Selling on Amazon
141,Amazon’s New Address Verification System FAIL,Selling on Amazon
142,Seller fulfilled returns / refunds,Selling on Amazon
143,How to remove the FBA service? I will ship the items myself. And I don’t want to pay extra fee,Selling on Amazon
144,Project Zero Eligibility issue,Selling on Amazon
145,Shipping Label Printer,Selling on Amazon
146,Returns? prepaid labels?,Selling on Amazon
147,Need advice on return request,Selling on Amazon
148,How to to fix listings that are brand registered when the brands will never fix listings?,Selling on Amazon
149,Brand Registry - Trademark does not match brand name,Selling on Amazon
150,Return reasons,Selling on Amazon
151,Selling on Amazon as LLC,Selling on Amazon
152,Free Economy Shipping but buyers are selecting other options like UPS and are not charged,Selling on Amazon
153,How to remove a return address?,Selling on Amazon
154,Selling on Amazon,Selling on Amazon
155,Question about USPS scale,Selling on Amazon
156,"Our Product is stranded and getting no help, someone changed our premium keywords to an illegal drug",Selling on Amazon
157,Buy shipping no longer showing USPS Options,Selling on Amazon
158,Support merry-go-round hell for 90 days,Selling on Amazon
159,Received an A-to-z claim for $1.50 tax?,Selling on Amazon
160,Potential buyer wants to see all my inventory,Selling on Amazon
161,What is wrong with the geniuses that control the Feedback system?,Selling on Amazon
162,"Account deactivated from November, documents illegible",Selling on Amazon
163,Need advice,Selling on Amazon
164,Inventory Disposal,Selling on Amazon
165,Return Request Advise Needed,Selling on Amazon
166,Adding a Product,Selling on Amazon
167,Stalker clicking on my ads,Selling on Amazon
168,Why Can’t I Pay my FBA fee?,Selling on Amazon
169,Seasonal Sales,Selling on Amazon
170,Negative feedback dur to COVID-19. Should I bother?,Selling on Amazon
171,How to import Amazon Transactions into Quickbooks Pro desktop,Selling on Amazon
172,Why Amazon keeps inhibiting us sellers to reach buyers?,Selling on Amazon
173,Not able to edit store after publish,Selling on Amazon
174,Suspended Problem,Selling on Amazon
175,Difference between a book quality classifications,Selling on Amazon
